{
  "project_info": {
    "project_number": "773714547302",
    "firebase_url": "https://one-for-all-fitness.firebaseio.com",
    "project_id": "one-for-all-fitness",
    "storage_bucket": "one-for-all-fitness.appspot.com"
  },
  "client": [
    {
      "client_info": {
        "mobilesdk_app_id": "1:773714547302:android:8982afc291cb492446d3a7",
        "android_client_info": {
          "package_name": "com.ofa.oneforallfitness"
        }
      },
      "oauth_client": [
        {
          "client_id": "773714547302-4g9o7mp08n1ebe79gaflvp8m3mf7ph02.apps.googleusercontent.com",
          "client_type": 1,
          "android_info": {
            "package_name": "com.ofa.oneforallfitness",
            "certificate_hash": "38f979f27ba59ce6906f0966c65c502767376a94"
          }
        },
        {
          "client_id": "773714547302-qtf6gssjrej0a6ja0mnve8fadu3kmoa2.apps.googleusercontent.com",
          "client_type": 3
        }
      ],
      "api_key": [
        {
          "current_key": "AIzaSyCTXAyJ2nn33Mpzn39gGuMs-R_y9S4JHcg"
        }
      ],
      "services": {
        "appinvite_service": {
          "other_platform_oauth_client": [
            {
              "client_id": "773714547302-qtf6gssjrej0a6ja0mnve8fadu3kmoa2.apps.googleusercontent.com",
              "client_type": 3
            }
          ]
        }
      }
    }
  ],
  "configuration_version": "1"
}